{"timestamps": [1519523045.423225], "initial_reset_timestamp": 1519523039.559203, "episode_types": ["t"], "episode_lengths": [200], "episode_rewards": [200.0]}