{"timestamps": [1519522982.262424], "initial_reset_timestamp": 1519522981.280336, "episode_types": ["t"], "episode_lengths": [10], "episode_rewards": [10.0]}