{"timestamps": [1519522452.840133], "initial_reset_timestamp": 1519522451.579356, "episode_types": ["t"], "episode_lengths": [20], "episode_rewards": [20.0]}