{"timestamps": [1519522471.315223], "initial_reset_timestamp": 1519522467.716462, "episode_types": ["t"], "episode_lengths": [122], "episode_rewards": [122.0]}