{"timestamps": [1519522302.591634], "initial_reset_timestamp": 1519522296.771391, "episode_types": ["t"], "episode_lengths": [200], "episode_rewards": [200.0]}