{"timestamps": [1519522148.017148], "initial_reset_timestamp": 1519522146.755362, "episode_types": ["t"], "episode_lengths": [20], "episode_rewards": [20.0]}