{"timestamps": [1519521977.820786], "initial_reset_timestamp": 1519521972.022328, "episode_types": ["t"], "episode_lengths": [200], "episode_rewards": [200.0]}