{"timestamps": [1519522138.144895], "initial_reset_timestamp": 1519522132.420622, "episode_types": ["t"], "episode_lengths": [200], "episode_rewards": [200.0]}