{"timestamps": [1519522041.791594], "initial_reset_timestamp": 1519522040.745105, "episode_types": ["t"], "episode_lengths": [12], "episode_rewards": [12.0]}