{"timestamps": [1519522386.431992], "initial_reset_timestamp": 1519522385.280852, "episode_types": ["t"], "episode_lengths": [16], "episode_rewards": [16.0]}