{"timestamps": [1519522417.339665], "initial_reset_timestamp": 1519522411.605636, "episode_types": ["t"], "episode_lengths": [200], "episode_rewards": [200.0]}